LOCK TABLES `llx_bank_account` WRITE;
/*!40000 ALTER TABLE `llx_bank_account` DISABLE KEYS */;
INSERT INTO `llx_bank_account` (`rowid`, `datec`, `tms`, `ref`, `label`, `entity`, `fk_user_author`, `fk_user_modif`, `bank`, `code_banque`, `code_guichet`, `number`, `cle_rib`, `bic`, `iban_prefix`, `country_iban`, `cle_iban`, `domiciliation`, `state_id`, `fk_pays`, `proprio`, `owner_address`, `courant`, `clos`, `rappro`, `url`, `account_number`, `fk_accountancy_journal`, `currency_code`, `min_allowed`, `min_desired`, `comment`) VALUES (1,'2017-04-12 17:24:40','2017-04-12 17:24:40','Account1','RABOA001',1,NULL,NULL,'','','','','','','',NULL,NULL,'',NULL,17,'','',1,0,1,NULL,'',1,'EUR',NULL,NULL,'');
/*!40000 ALTER TABLE `llx_bank_account` ENABLE KEYS */;
UNLOCK TABLES;

LOCK TABLES `llx_entrepot` WRITE;
/*!40000 ALTER TABLE `llx_entrepot` DISABLE KEYS */;
INSERT INTO `llx_entrepot` (`rowid`, `datec`, `tms`, `ref`, `entity`, `description`, `lieu`, `address`, `zip`, `town`, `fk_departement`, `fk_pays`, `statut`, `fk_parent`, `fk_user_author`, `import_key`) VALUES (1,'2017-02-16 16:25:28','2017-02-16 15:25:28','w001',1,'','Eindhoven','5641 AW Eindhoven, Netherlands','5641 AW','Eindhoven',NULL,17,1,NULL,1,NULL);
INSERT INTO `llx_entrepot` (`rowid`, `datec`, `tms`, `ref`, `entity`, `description`, `lieu`, `address`, `zip`, `town`, `fk_departement`, `fk_pays`, `statut`, `fk_parent`, `fk_user_author`, `import_key`) VALUES (2,'2017-02-16 16:26:11','2017-02-16 15:26:11','w002',1,'','Tilburg','','','',NULL,17,1,NULL,1,NULL);
INSERT INTO `llx_entrepot` (`rowid`, `datec`, `tms`, `ref`, `entity`, `description`, `lieu`, `address`, `zip`, `town`, `fk_departement`, `fk_pays`, `statut`, `fk_parent`, `fk_user_author`, `import_key`) VALUES (3,'2017-02-16 16:26:27','2017-02-16 15:26:27','w003',1,'','Amsterdam','','','',NULL,17,1,NULL,1,NULL);
INSERT INTO `llx_entrepot` (`rowid`, `datec`, `tms`, `ref`, `entity`, `description`, `lieu`, `address`, `zip`, `town`, `fk_departement`, `fk_pays`, `statut`, `fk_parent`, `fk_user_author`, `import_key`) VALUES (4,'2017-02-16 16:26:41','2017-02-16 15:26:41','w004',1,'','Rotterdam','','','',NULL,17,1,NULL,1,NULL);
INSERT INTO `llx_entrepot` (`rowid`, `datec`, `tms`, `ref`, `entity`, `description`, `lieu`, `address`, `zip`, `town`, `fk_departement`, `fk_pays`, `statut`, `fk_parent`, `fk_user_author`, `import_key`) VALUES (5,'2017-02-16 16:26:55','2017-02-16 15:26:55','w005',1,'','Den Hague','','','',NULL,17,1,NULL,1,NULL);
INSERT INTO `llx_entrepot` (`rowid`, `datec`, `tms`, `ref`, `entity`, `description`, `lieu`, `address`, `zip`, `town`, `fk_departement`, `fk_pays`, `statut`, `fk_parent`, `fk_user_author`, `import_key`) VALUES (6,'2017-02-16 16:27:13','2017-02-16 15:27:13','w006',1,'','Delft','','','',NULL,17,1,NULL,1,NULL);
/*!40000 ALTER TABLE `llx_entrepot` ENABLE KEYS */;
UNLOCK TABLES;

LOCK TABLES `llx_product` WRITE;
/*!40000 ALTER TABLE `llx_product` DISABLE KEYS */;
INSERT INTO `llx_product` (`rowid`, `ref`, `entity`, `ref_ext`, `datec`, `tms`, `fk_parent`, `label`, `description`, `note`, `customcode`, `fk_country`, `price`, `price_ttc`, `price_min`, `price_min_ttc`, `price_base_type`, `cost_price`, `tva_tx`, `recuperableonly`, `localtax1_tx`, `localtax1_type`, `localtax2_tx`, `localtax2_type`, `fk_user_author`, `fk_user_modif`, `tosell`, `tobuy`, `onportal`, `tobatch`, `fk_product_type`, `duration`, `seuil_stock_alerte`, `url`, `barcode`, `fk_barcode_type`, `accountancy_code_sell`, `accountancy_code_buy`, `partnumber`, `weight`, `weight_units`, `length`, `length_units`, `surface`, `surface_units`, `volume`, `volume_units`, `stock`, `pmp`, `fifo`, `lifo`, `canvas`, `finished`, `hidden`, `import_key`, `fk_price_expression`, `desiredstock`, `fk_unit`, `price_autogen`) VALUES (1,'p001',1,NULL,'2017-02-16 15:19:09','2017-06-12 10:19:55',0,'computer',NULL,NULL,NULL,NULL,1000.00000000,1190.00000000,0.00000000,0.00000000,'HT',800.00000000,19.000,0,0.000,'0',0.000,'0',NULL,NULL,1,1,0,0,0,NULL,0,NULL,NULL,NULL,NULL,NULL,NULL,5,0,0.6,0,0.24,0,0.024,0,910,661.53846000,NULL,NULL,NULL,NULL,0,NULL,NULL,0,NULL,0);
INSERT INTO `llx_product` (`rowid`, `ref`, `entity`, `ref_ext`, `datec`, `tms`, `fk_parent`, `label`, `description`, `note`, `customcode`, `fk_country`, `price`, `price_ttc`, `price_min`, `price_min_ttc`, `price_base_type`, `cost_price`, `tva_tx`, `recuperableonly`, `localtax1_tx`, `localtax1_type`, `localtax2_tx`, `localtax2_type`, `fk_user_author`, `fk_user_modif`, `tosell`, `tobuy`, `onportal`, `tobatch`, `fk_product_type`, `duration`, `seuil_stock_alerte`, `url`, `barcode`, `fk_barcode_type`, `accountancy_code_sell`, `accountancy_code_buy`, `partnumber`, `weight`, `weight_units`, `length`, `length_units`, `surface`, `surface_units`, `volume`, `volume_units`, `stock`, `pmp`, `fifo`, `lifo`, `canvas`, `finished`, `hidden`, `import_key`, `fk_price_expression`, `desiredstock`, `fk_unit`, `price_autogen`) VALUES (2,'p002',1,NULL,'2017-02-16 15:55:37','2017-06-12 10:18:40',0,'phone',NULL,NULL,NULL,NULL,400.00000000,476.00000000,0.00000000,0.00000000,'HT',300.00000000,19.000,0,0.000,'0',0.000,'0',NULL,NULL,1,1,0,0,0,NULL,0,NULL,NULL,NULL,NULL,NULL,NULL,2,0,0.2,0,0.02,0,0.004,0,1071,225.00000000,NULL,NULL,NULL,NULL,0,NULL,NULL,0,NULL,0);
INSERT INTO `llx_product` (`rowid`, `ref`, `entity`, `ref_ext`, `datec`, `tms`, `fk_parent`, `label`, `description`, `note`, `customcode`, `fk_country`, `price`, `price_ttc`, `price_min`, `price_min_ttc`, `price_base_type`, `cost_price`, `tva_tx`, `recuperableonly`, `localtax1_tx`, `localtax1_type`, `localtax2_tx`, `localtax2_type`, `fk_user_author`, `fk_user_modif`, `tosell`, `tobuy`, `onportal`, `tobatch`, `fk_product_type`, `duration`, `seuil_stock_alerte`, `url`, `barcode`, `fk_barcode_type`, `accountancy_code_sell`, `accountancy_code_buy`, `partnumber`, `weight`, `weight_units`, `length`, `length_units`, `surface`, `surface_units`, `volume`, `volume_units`, `stock`, `pmp`, `fifo`, `lifo`, `canvas`, `finished`, `hidden`, `import_key`, `fk_price_expression`, `desiredstock`, `fk_unit`, `price_autogen`) VALUES (3,'p003',1,NULL,'2017-02-16 15:56:38','2017-06-12 10:19:58',0,'cup',NULL,NULL,NULL,NULL,1.00000000,1.00000000,0.00000000,0.00000000,'HT',0.50000000,0.000,0,0.000,'0',0.000,'0',NULL,NULL,1,1,0,0,0,NULL,0,NULL,NULL,NULL,NULL,NULL,NULL,2,0,0.2,0,0.03,0,0.045,0,938,0.50000000,NULL,NULL,NULL,NULL,0,NULL,NULL,0,NULL,0);
INSERT INTO `llx_product` (`rowid`, `ref`, `entity`, `ref_ext`, `datec`, `tms`, `fk_parent`, `label`, `description`, `note`, `customcode`, `fk_country`, `price`, `price_ttc`, `price_min`, `price_min_ttc`, `price_base_type`, `cost_price`, `tva_tx`, `recuperableonly`, `localtax1_tx`, `localtax1_type`, `localtax2_tx`, `localtax2_type`, `fk_user_author`, `fk_user_modif`, `tosell`, `tobuy`, `onportal`, `tobatch`, `fk_product_type`, `duration`, `seuil_stock_alerte`, `url`, `barcode`, `fk_barcode_type`, `accountancy_code_sell`, `accountancy_code_buy`, `partnumber`, `weight`, `weight_units`, `length`, `length_units`, `surface`, `surface_units`, `volume`, `volume_units`, `stock`, `pmp`, `fifo`, `lifo`, `canvas`, `finished`, `hidden`, `import_key`, `fk_price_expression`, `desiredstock`, `fk_unit`, `price_autogen`) VALUES (4,'p004',1,NULL,'2017-02-16 15:57:38','2017-06-12 10:19:46',0,'TV',NULL,NULL,NULL,NULL,800.00000000,952.00000000,0.00000000,0.00000000,'HT',650.00000000,19.000,0,0.000,'0',0.000,'0',NULL,NULL,1,1,0,0,0,NULL,0,NULL,NULL,NULL,NULL,NULL,NULL,20,0,1.5,0,1.5,0,0.6,0,929,0.00000000,NULL,NULL,NULL,NULL,0,NULL,NULL,0,NULL,0);
INSERT INTO `llx_product` (`rowid`, `ref`, `entity`, `ref_ext`, `datec`, `tms`, `fk_parent`, `label`, `description`, `note`, `customcode`, `fk_country`, `price`, `price_ttc`, `price_min`, `price_min_ttc`, `price_base_type`, `cost_price`, `tva_tx`, `recuperableonly`, `localtax1_tx`, `localtax1_type`, `localtax2_tx`, `localtax2_type`, `fk_user_author`, `fk_user_modif`, `tosell`, `tobuy`, `onportal`, `tobatch`, `fk_product_type`, `duration`, `seuil_stock_alerte`, `url`, `barcode`, `fk_barcode_type`, `accountancy_code_sell`, `accountancy_code_buy`, `partnumber`, `weight`, `weight_units`, `length`, `length_units`, `surface`, `surface_units`, `volume`, `volume_units`, `stock`, `pmp`, `fifo`, `lifo`, `canvas`, `finished`, `hidden`, `import_key`, `fk_price_expression`, `desiredstock`, `fk_unit`, `price_autogen`) VALUES (5,'p005',1,NULL,'2017-02-16 15:58:47','2017-05-30 08:03:09',0,'Tablet',NULL,NULL,NULL,NULL,500.00000000,595.00000000,0.00000000,0.00000000,'HT',400.00000000,19.000,0,0.000,'0',0.000,'0',NULL,NULL,1,1,0,0,0,NULL,0,NULL,NULL,NULL,NULL,NULL,NULL,3,0,0.3,0,0.06,0,0.018,0,956,300.00000000,NULL,NULL,NULL,NULL,0,NULL,NULL,0,NULL,0);
INSERT INTO `llx_product` (`rowid`, `ref`, `entity`, `ref_ext`, `datec`, `tms`, `fk_parent`, `label`, `description`, `note`, `customcode`, `fk_country`, `price`, `price_ttc`, `price_min`, `price_min_ttc`, `price_base_type`, `cost_price`, `tva_tx`, `recuperableonly`, `localtax1_tx`, `localtax1_type`, `localtax2_tx`, `localtax2_type`, `fk_user_author`, `fk_user_modif`, `tosell`, `tobuy`, `onportal`, `tobatch`, `fk_product_type`, `duration`, `seuil_stock_alerte`, `url`, `barcode`, `fk_barcode_type`, `accountancy_code_sell`, `accountancy_code_buy`, `partnumber`, `weight`, `weight_units`, `length`, `length_units`, `surface`, `surface_units`, `volume`, `volume_units`, `stock`, `pmp`, `fifo`, `lifo`, `canvas`, `finished`, `hidden`, `import_key`, `fk_price_expression`, `desiredstock`, `fk_unit`, `price_autogen`) VALUES (6,'p006',1,NULL,'2017-02-16 15:59:42','2017-05-29 19:25:43',0,'fan',NULL,NULL,NULL,NULL,30.00000000,35.70000000,0.00000000,0.00000000,'HT',20.00000000,19.000,0,0.000,'0',0.000,'0',NULL,NULL,1,1,0,0,0,NULL,0,NULL,NULL,NULL,NULL,NULL,NULL,5,0,0.6,0,0.36,0,0.144,0,1161,19.80000000,NULL,NULL,NULL,NULL,0,NULL,NULL,0,NULL,0);
INSERT INTO `llx_product` (`rowid`, `ref`, `entity`, `ref_ext`, `datec`, `tms`, `fk_parent`, `label`, `description`, `note`, `customcode`, `fk_country`, `price`, `price_ttc`, `price_min`, `price_min_ttc`, `price_base_type`, `cost_price`, `tva_tx`, `recuperableonly`, `localtax1_tx`, `localtax1_type`, `localtax2_tx`, `localtax2_type`, `fk_user_author`, `fk_user_modif`, `tosell`, `tobuy`, `onportal`, `tobatch`, `fk_product_type`, `duration`, `seuil_stock_alerte`, `url`, `barcode`, `fk_barcode_type`, `accountancy_code_sell`, `accountancy_code_buy`, `partnumber`, `weight`, `weight_units`, `length`, `length_units`, `surface`, `surface_units`, `volume`, `volume_units`, `stock`, `pmp`, `fifo`, `lifo`, `canvas`, `finished`, `hidden`, `import_key`, `fk_price_expression`, `desiredstock`, `fk_unit`, `price_autogen`) VALUES (7,'p007',1,NULL,'2017-02-16 16:00:37','2017-06-12 10:19:46',0,'pen',NULL,NULL,NULL,NULL,2.00000000,2.00000000,0.00000000,0.00000000,'HT',1.00000000,0.000,0,0.000,'0',0.000,'0',NULL,NULL,1,1,0,0,0,NULL,0,NULL,NULL,NULL,NULL,NULL,NULL,0.2,0,0.2,0,0.004,0,0.0008,0,958,0.94686000,NULL,NULL,NULL,NULL,0,NULL,NULL,0,NULL,0);
INSERT INTO `llx_product` (`rowid`, `ref`, `entity`, `ref_ext`, `datec`, `tms`, `fk_parent`, `label`, `description`, `note`, `customcode`, `fk_country`, `price`, `price_ttc`, `price_min`, `price_min_ttc`, `price_base_type`, `cost_price`, `tva_tx`, `recuperableonly`, `localtax1_tx`, `localtax1_type`, `localtax2_tx`, `localtax2_type`, `fk_user_author`, `fk_user_modif`, `tosell`, `tobuy`, `onportal`, `tobatch`, `fk_product_type`, `duration`, `seuil_stock_alerte`, `url`, `barcode`, `fk_barcode_type`, `accountancy_code_sell`, `accountancy_code_buy`, `partnumber`, `weight`, `weight_units`, `length`, `length_units`, `surface`, `surface_units`, `volume`, `volume_units`, `stock`, `pmp`, `fifo`, `lifo`, `canvas`, `finished`, `hidden`, `import_key`, `fk_price_expression`, `desiredstock`, `fk_unit`, `price_autogen`) VALUES (8,'p008',1,NULL,'2017-02-16 16:01:23','2017-05-30 08:02:34',0,'basketball',NULL,NULL,NULL,NULL,30.00000000,31.80000000,0.00000000,0.00000000,'HT',20.00000000,6.000,0,0.000,'0',0.000,'0',NULL,NULL,1,1,0,0,0,NULL,0,NULL,NULL,NULL,NULL,NULL,NULL,3,0,0.4,0,0.16,0,0.064,0,957,0.00000000,NULL,NULL,NULL,NULL,0,NULL,NULL,0,NULL,0);
INSERT INTO `llx_product` (`rowid`, `ref`, `entity`, `ref_ext`, `datec`, `tms`, `fk_parent`, `label`, `description`, `note`, `customcode`, `fk_country`, `price`, `price_ttc`, `price_min`, `price_min_ttc`, `price_base_type`, `cost_price`, `tva_tx`, `recuperableonly`, `localtax1_tx`, `localtax1_type`, `localtax2_tx`, `localtax2_type`, `fk_user_author`, `fk_user_modif`, `tosell`, `tobuy`, `onportal`, `tobatch`, `fk_product_type`, `duration`, `seuil_stock_alerte`, `url`, `barcode`, `fk_barcode_type`, `accountancy_code_sell`, `accountancy_code_buy`, `partnumber`, `weight`, `weight_units`, `length`, `length_units`, `surface`, `surface_units`, `volume`, `volume_units`, `stock`, `pmp`, `fifo`, `lifo`, `canvas`, `finished`, `hidden`, `import_key`, `fk_price_expression`, `desiredstock`, `fk_unit`, `price_autogen`) VALUES (9,'p009',1,NULL,'2017-02-16 16:02:27','2017-06-12 10:19:33',0,'football',NULL,NULL,NULL,NULL,25.00000000,26.50000000,0.00000000,0.00000000,'HT',15.00000000,6.000,0,0.000,'0',0.000,'0',NULL,NULL,1,1,0,0,0,NULL,0,NULL,NULL,NULL,NULL,NULL,NULL,2,0,0.3,0,0.09,0,0.027,0,978,14.40000000,NULL,NULL,NULL,NULL,0,NULL,NULL,0,NULL,0);
INSERT INTO `llx_product` (`rowid`, `ref`, `entity`, `ref_ext`, `datec`, `tms`, `fk_parent`, `label`, `description`, `note`, `customcode`, `fk_country`, `price`, `price_ttc`, `price_min`, `price_min_ttc`, `price_base_type`, `cost_price`, `tva_tx`, `recuperableonly`, `localtax1_tx`, `localtax1_type`, `localtax2_tx`, `localtax2_type`, `fk_user_author`, `fk_user_modif`, `tosell`, `tobuy`, `onportal`, `tobatch`, `fk_product_type`, `duration`, `seuil_stock_alerte`, `url`, `barcode`, `fk_barcode_type`, `accountancy_code_sell`, `accountancy_code_buy`, `partnumber`, `weight`, `weight_units`, `length`, `length_units`, `surface`, `surface_units`, `volume`, `volume_units`, `stock`, `pmp`, `fifo`, `lifo`, `canvas`, `finished`, `hidden`, `import_key`, `fk_price_expression`, `desiredstock`, `fk_unit`, `price_autogen`) VALUES (10,'p010',1,NULL,'2017-02-16 16:03:14','2017-06-12 10:19:30',0,'baseball',NULL,NULL,NULL,NULL,6.00000000,6.36000000,0.00000000,0.00000000,'HT',3.00000000,6.000,0,0.000,'0',0.000,'0',NULL,NULL,1,1,0,0,0,NULL,0,NULL,NULL,NULL,NULL,NULL,NULL,1,0,0.1,0,0.01,0,0.001,0,868,2.85000000,NULL,NULL,NULL,NULL,0,NULL,NULL,0,NULL,0);
/*!40000 ALTER TABLE `llx_product` ENABLE KEYS */;
UNLOCK TABLES;

LOCK TABLES `llx_product_price` WRITE;
/*!40000 ALTER TABLE `llx_product_price` DISABLE KEYS */;
INSERT INTO `llx_product_price` (`rowid`, `entity`, `tms`, `fk_product`, `date_price`, `price_level`, `price`, `price_ttc`, `price_min`, `price_min_ttc`, `price_base_type`, `tva_tx`, `recuperableonly`, `localtax1_tx`, `localtax1_type`, `localtax2_tx`, `localtax2_type`, `fk_user_author`, `tosell`, `price_by_qty`, `fk_price_expression`, `import_key`) VALUES (1,1,'2017-04-10 13:09:45',7,'2017-04-10 13:09:45',1,2.00000000,2.00000000,0.00000000,0.00000000,'HT',0.000,0,0.000,'0',0.000,'0',1,1,0,NULL,NULL);
INSERT INTO `llx_product_price` (`rowid`, `entity`, `tms`, `fk_product`, `date_price`, `price_level`, `price`, `price_ttc`, `price_min`, `price_min_ttc`, `price_base_type`, `tva_tx`, `recuperableonly`, `localtax1_tx`, `localtax1_type`, `localtax2_tx`, `localtax2_type`, `fk_user_author`, `tosell`, `price_by_qty`, `fk_price_expression`, `import_key`) VALUES (2,1,'2017-04-10 14:53:44',6,'2017-04-10 14:53:44',1,30.00000000,35.70000000,0.00000000,0.00000000,'HT',19.000,0,0.000,'0',0.000,'0',1,1,0,NULL,NULL);
/*!40000 ALTER TABLE `llx_product_price` ENABLE KEYS */;
UNLOCK TABLES;

LOCK TABLES `llx_product_stock` WRITE;
/*!40000 ALTER TABLE `llx_product_stock` DISABLE KEYS */;
INSERT INTO `llx_product_stock` (`rowid`, `tms`, `fk_product`, `fk_entrepot`, `reel`, `import_key`) VALUES (1,'2017-04-07 13:38:59',5,2,1,NULL);
INSERT INTO `llx_product_stock` (`rowid`, `tms`, `fk_product`, `fk_entrepot`, `reel`, `import_key`) VALUES (2,'2017-06-12 10:19:55',1,1,-64,NULL);
INSERT INTO `llx_product_stock` (`rowid`, `tms`, `fk_product`, `fk_entrepot`, `reel`, `import_key`) VALUES (3,'2017-05-29 19:37:07',1,3,0,NULL);
INSERT INTO `llx_product_stock` (`rowid`, `tms`, `fk_product`, `fk_entrepot`, `reel`, `import_key`) VALUES (4,'2017-05-29 19:25:43',6,6,178,NULL);
INSERT INTO `llx_product_stock` (`rowid`, `tms`, `fk_product`, `fk_entrepot`, `reel`, `import_key`) VALUES (5,'2017-06-12 10:19:58',3,3,-55,NULL);
INSERT INTO `llx_product_stock` (`rowid`, `tms`, `fk_product`, `fk_entrepot`, `reel`, `import_key`) VALUES (6,'2017-05-29 13:14:59',7,6,0,NULL);
INSERT INTO `llx_product_stock` (`rowid`, `tms`, `fk_product`, `fk_entrepot`, `reel`, `import_key`) VALUES (7,'2017-04-11 12:06:22',7,3,1,NULL);
INSERT INTO `llx_product_stock` (`rowid`, `tms`, `fk_product`, `fk_entrepot`, `reel`, `import_key`) VALUES (8,'2017-06-12 10:19:46',7,4,-35,NULL);
INSERT INTO `llx_product_stock` (`rowid`, `tms`, `fk_product`, `fk_entrepot`, `reel`, `import_key`) VALUES (9,'2017-05-29 19:05:26',7,2,0,NULL);
INSERT INTO `llx_product_stock` (`rowid`, `tms`, `fk_product`, `fk_entrepot`, `reel`, `import_key`) VALUES (10,'2017-05-29 13:14:39',7,5,0,NULL);
INSERT INTO `llx_product_stock` (`rowid`, `tms`, `fk_product`, `fk_entrepot`, `reel`, `import_key`) VALUES (11,'2017-06-12 10:19:30',10,3,-124,NULL);
INSERT INTO `llx_product_stock` (`rowid`, `tms`, `fk_product`, `fk_entrepot`, `reel`, `import_key`) VALUES (12,'2017-06-12 10:18:40',2,2,75,NULL);
INSERT INTO `llx_product_stock` (`rowid`, `tms`, `fk_product`, `fk_entrepot`, `reel`, `import_key`) VALUES (13,'2017-06-12 10:19:33',9,6,-20,NULL);
INSERT INTO `llx_product_stock` (`rowid`, `tms`, `fk_product`, `fk_entrepot`, `reel`, `import_key`) VALUES (14,'2017-04-26 14:14:41',4,2,-5,NULL);
INSERT INTO `llx_product_stock` (`rowid`, `tms`, `fk_product`, `fk_entrepot`, `reel`, `import_key`) VALUES (15,'2017-06-12 10:19:46',4,4,-58,NULL);
INSERT INTO `llx_product_stock` (`rowid`, `tms`, `fk_product`, `fk_entrepot`, `reel`, `import_key`) VALUES (16,'2017-05-30 08:02:34',8,5,-26,NULL);
INSERT INTO `llx_product_stock` (`rowid`, `tms`, `fk_product`, `fk_entrepot`, `reel`, `import_key`) VALUES (17,'2017-05-29 12:37:30',5,3,-1,NULL);
INSERT INTO `llx_product_stock` (`rowid`, `tms`, `fk_product`, `fk_entrepot`, `reel`, `import_key`) VALUES (18,'2017-05-30 08:03:09',5,5,-34,NULL);
/*!40000 ALTER TABLE `llx_product_stock` ENABLE KEYS */;
UNLOCK TABLES;

LOCK TABLES `llx_societe` WRITE;
/*!40000 ALTER TABLE `llx_societe` DISABLE KEYS */;
INSERT INTO `llx_societe` (`rowid`, `nom`, `name_alias`, `entity`, `ref_ext`, `ref_int`, `statut`, `parent`, `tms`, `datec`, `status`, `code_client`, `code_fournisseur`, `code_compta`, `code_compta_fournisseur`, `address`, `zip`, `town`, `fk_departement`, `fk_pays`, `phone`, `fax`, `url`, `email`, `skype`, `fk_effectif`, `fk_typent`, `fk_forme_juridique`, `fk_currency`, `siren`, `siret`, `ape`, `idprof4`, `idprof5`, `idprof6`, `tva_intra`, `capital`, `fk_stcomm`, `note_private`, `note_public`, `model_pdf`, `prefix_comm`, `client`, `fournisseur`, `supplier_account`, `fk_prospectlevel`, `fk_incoterms`, `location_incoterms`, `customer_bad`, `customer_rate`, `supplier_rate`, `fk_user_creat`, `fk_user_modif`, `remise_client`, `mode_reglement`, `cond_reglement`, `mode_reglement_supplier`, `cond_reglement_supplier`, `tva_assuj`, `localtax1_assuj`, `localtax1_value`, `localtax2_assuj`, `localtax2_value`, `barcode`, `fk_barcode_type`, `price_level`, `outstanding_limit`, `default_lang`, `logo`, `canvas`, `import_key`, `webservices_url`, `webservices_key`) VALUES (1,'Caixia','Caixia',1,NULL,NULL,0,NULL,'2017-02-16 14:30:41','2017-02-16 15:26:24',1,NULL,'SU1702-0001',NULL,NULL,'Veldmaarschalk Montgomerylaan 541A','5612 BM','Eindhoven',853,17,'0687975923','0687975923','www.caixia.com','caixia@tue.nl','skype0687975923',0,0,0,NULL,NULL,NULL,NULL,NULL,NULL,NULL,NULL,NULL,0,NULL,NULL,NULL,NULL,0,1,NULL,NULL,NULL,NULL,0,0,0,NULL,NULL,0,NULL,NULL,NULL,NULL,1,0,NULL,0,NULL,NULL,0,NULL,NULL,NULL,NULL,NULL,NULL,NULL,NULL);
INSERT INTO `llx_societe` (`rowid`, `nom`, `name_alias`, `entity`, `ref_ext`, `ref_int`, `statut`, `parent`, `tms`, `datec`, `status`, `code_client`, `code_fournisseur`, `code_compta`, `code_compta_fournisseur`, `address`, `zip`, `town`, `fk_departement`, `fk_pays`, `phone`, `fax`, `url`, `email`, `skype`, `fk_effectif`, `fk_typent`, `fk_forme_juridique`, `fk_currency`, `siren`, `siret`, `ape`, `idprof4`, `idprof5`, `idprof6`, `tva_intra`, `capital`, `fk_stcomm`, `note_private`, `note_public`, `model_pdf`, `prefix_comm`, `client`, `fournisseur`, `supplier_account`, `fk_prospectlevel`, `fk_incoterms`, `location_incoterms`, `customer_bad`, `customer_rate`, `supplier_rate`, `fk_user_creat`, `fk_user_modif`, `remise_client`, `mode_reglement`, `cond_reglement`, `mode_reglement_supplier`, `cond_reglement_supplier`, `tva_assuj`, `localtax1_assuj`, `localtax1_value`, `localtax2_assuj`, `localtax2_value`, `barcode`, `fk_barcode_type`, `price_level`, `outstanding_limit`, `default_lang`, `logo`, `canvas`, `import_key`, `webservices_url`, `webservices_key`) VALUES (2,'Fei','Fei',1,NULL,NULL,0,NULL,'2017-02-16 14:33:26','2017-02-16 15:33:26',1,NULL,'SU1702-0002',NULL,NULL,'Michelangelolaan 336','5623 EH','Eindhoven',853,17,'0687975925','0687975925','www.fei.com','fei@tue.nl','skype0687975925',0,0,0,NULL,NULL,NULL,NULL,NULL,NULL,NULL,NULL,NULL,0,NULL,NULL,NULL,NULL,0,1,NULL,NULL,NULL,NULL,0,0,0,NULL,NULL,0,NULL,NULL,NULL,NULL,1,0,NULL,0,NULL,NULL,0,NULL,NULL,NULL,NULL,NULL,NULL,NULL,NULL);
INSERT INTO `llx_societe` (`rowid`, `nom`, `name_alias`, `entity`, `ref_ext`, `ref_int`, `statut`, `parent`, `tms`, `datec`, `status`, `code_client`, `code_fournisseur`, `code_compta`, `code_compta_fournisseur`, `address`, `zip`, `town`, `fk_departement`, `fk_pays`, `phone`, `fax`, `url`, `email`, `skype`, `fk_effectif`, `fk_typent`, `fk_forme_juridique`, `fk_currency`, `siren`, `siret`, `ape`, `idprof4`, `idprof5`, `idprof6`, `tva_intra`, `capital`, `fk_stcomm`, `note_private`, `note_public`, `model_pdf`, `prefix_comm`, `client`, `fournisseur`, `supplier_account`, `fk_prospectlevel`, `fk_incoterms`, `location_incoterms`, `customer_bad`, `customer_rate`, `supplier_rate`, `fk_user_creat`, `fk_user_modif`, `remise_client`, `mode_reglement`, `cond_reglement`, `mode_reglement_supplier`, `cond_reglement_supplier`, `tva_assuj`, `localtax1_assuj`, `localtax1_value`, `localtax2_assuj`, `localtax2_value`, `barcode`, `fk_barcode_type`, `price_level`, `outstanding_limit`, `default_lang`, `logo`, `canvas`, `import_key`, `webservices_url`, `webservices_key`) VALUES (3,'Guangming','Guangming',1,NULL,NULL,0,NULL,'2017-02-16 14:34:58','2017-02-16 15:34:58',1,NULL,'SU1702-0003',NULL,NULL,'Tongelresestraat 445A','5641 AW','Eindhoven',853,17,'0687979907','0687979907','www.guangming.com','sirliguangming@gmail.com','skype0687979907',0,0,0,NULL,NULL,NULL,NULL,NULL,NULL,NULL,NULL,NULL,0,NULL,NULL,NULL,NULL,0,1,NULL,NULL,NULL,NULL,0,0,0,NULL,NULL,0,NULL,NULL,NULL,NULL,1,0,NULL,0,NULL,NULL,0,NULL,NULL,NULL,NULL,NULL,NULL,NULL,NULL);
INSERT INTO `llx_societe` (`rowid`, `nom`, `name_alias`, `entity`, `ref_ext`, `ref_int`, `statut`, `parent`, `tms`, `datec`, `status`, `code_client`, `code_fournisseur`, `code_compta`, `code_compta_fournisseur`, `address`, `zip`, `town`, `fk_departement`, `fk_pays`, `phone`, `fax`, `url`, `email`, `skype`, `fk_effectif`, `fk_typent`, `fk_forme_juridique`, `fk_currency`, `siren`, `siret`, `ape`, `idprof4`, `idprof5`, `idprof6`, `tva_intra`, `capital`, `fk_stcomm`, `note_private`, `note_public`, `model_pdf`, `prefix_comm`, `client`, `fournisseur`, `supplier_account`, `fk_prospectlevel`, `fk_incoterms`, `location_incoterms`, `customer_bad`, `customer_rate`, `supplier_rate`, `fk_user_creat`, `fk_user_modif`, `remise_client`, `mode_reglement`, `cond_reglement`, `mode_reglement_supplier`, `cond_reglement_supplier`, `tva_assuj`, `localtax1_assuj`, `localtax1_value`, `localtax2_assuj`, `localtax2_value`, `barcode`, `fk_barcode_type`, `price_level`, `outstanding_limit`, `default_lang`, `logo`, `canvas`, `import_key`, `webservices_url`, `webservices_key`) VALUES (4,'Jianpeng','Jianpeng',1,NULL,NULL,0,NULL,'2017-04-10 15:51:28','2017-02-16 15:37:19',1,NULL,'SU1702-0004',NULL,NULL,'Changanjie 130','10086','Amsterdam',851,17,'0687956546','0687956546','www.jianpeng.com','jianpeng@126.com',NULL,NULL,0,NULL,NULL,'','','','','','','',NULL,0,NULL,NULL,NULL,NULL,0,1,NULL,NULL,0,NULL,0,0,0,NULL,1,0,NULL,NULL,NULL,NULL,1,NULL,0.000,NULL,0.000,NULL,0,NULL,NULL,NULL,NULL,NULL,NULL,NULL,NULL);
INSERT INTO `llx_societe` (`rowid`, `nom`, `name_alias`, `entity`, `ref_ext`, `ref_int`, `statut`, `parent`, `tms`, `datec`, `status`, `code_client`, `code_fournisseur`, `code_compta`, `code_compta_fournisseur`, `address`, `zip`, `town`, `fk_departement`, `fk_pays`, `phone`, `fax`, `url`, `email`, `skype`, `fk_effectif`, `fk_typent`, `fk_forme_juridique`, `fk_currency`, `siren`, `siret`, `ape`, `idprof4`, `idprof5`, `idprof6`, `tva_intra`, `capital`, `fk_stcomm`, `note_private`, `note_public`, `model_pdf`, `prefix_comm`, `client`, `fournisseur`, `supplier_account`, `fk_prospectlevel`, `fk_incoterms`, `location_incoterms`, `customer_bad`, `customer_rate`, `supplier_rate`, `fk_user_creat`, `fk_user_modif`, `remise_client`, `mode_reglement`, `cond_reglement`, `mode_reglement_supplier`, `cond_reglement_supplier`, `tva_assuj`, `localtax1_assuj`, `localtax1_value`, `localtax2_assuj`, `localtax2_value`, `barcode`, `fk_barcode_type`, `price_level`, `outstanding_limit`, `default_lang`, `logo`, `canvas`, `import_key`, `webservices_url`, `webservices_key`) VALUES (5,'Shengnan','',1,NULL,NULL,0,NULL,'2017-04-10 15:50:40','2017-02-16 15:39:10',1,NULL,'SU1702-0005',NULL,NULL,'niceroad 115','4895 BN','Utrect',853,17,'0687956321','0687956321','www.shengnan.com','shennan@tue.nl',NULL,NULL,3,NULL,NULL,'','','','','','','',NULL,0,NULL,NULL,NULL,NULL,0,1,NULL,NULL,0,NULL,0,0,0,NULL,1,0,NULL,NULL,NULL,NULL,1,NULL,0.000,NULL,0.000,NULL,0,NULL,NULL,NULL,NULL,NULL,NULL,NULL,NULL);
INSERT INTO `llx_societe` (`rowid`, `nom`, `name_alias`, `entity`, `ref_ext`, `ref_int`, `statut`, `parent`, `tms`, `datec`, `status`, `code_client`, `code_fournisseur`, `code_compta`, `code_compta_fournisseur`, `address`, `zip`, `town`, `fk_departement`, `fk_pays`, `phone`, `fax`, `url`, `email`, `skype`, `fk_effectif`, `fk_typent`, `fk_forme_juridique`, `fk_currency`, `siren`, `siret`, `ape`, `idprof4`, `idprof5`, `idprof6`, `tva_intra`, `capital`, `fk_stcomm`, `note_private`, `note_public`, `model_pdf`, `prefix_comm`, `client`, `fournisseur`, `supplier_account`, `fk_prospectlevel`, `fk_incoterms`, `location_incoterms`, `customer_bad`, `customer_rate`, `supplier_rate`, `fk_user_creat`, `fk_user_modif`, `remise_client`, `mode_reglement`, `cond_reglement`, `mode_reglement_supplier`, `cond_reglement_supplier`, `tva_assuj`, `localtax1_assuj`, `localtax1_value`, `localtax2_assuj`, `localtax2_value`, `barcode`, `fk_barcode_type`, `price_level`, `outstanding_limit`, `default_lang`, `logo`, `canvas`, `import_key`, `webservices_url`, `webservices_key`) VALUES (6,'Weiming','Weiming',1,NULL,NULL,0,NULL,'2017-02-16 14:41:31','2017-02-16 15:41:31',1,NULL,'SU1702-0006',NULL,NULL,'Tongelerestraat 236','5687 BN','Eindhoven',853,17,'0687956587','0687956587','www.weiming.com','weiming@tue.nl','skype0687956587',0,0,0,NULL,NULL,NULL,NULL,NULL,NULL,NULL,NULL,NULL,0,NULL,NULL,NULL,NULL,0,1,NULL,NULL,NULL,NULL,0,0,0,NULL,NULL,0,NULL,NULL,NULL,NULL,1,0,NULL,0,NULL,NULL,0,NULL,NULL,NULL,NULL,NULL,NULL,NULL,NULL);
INSERT INTO `llx_societe` (`rowid`, `nom`, `name_alias`, `entity`, `ref_ext`, `ref_int`, `statut`, `parent`, `tms`, `datec`, `status`, `code_client`, `code_fournisseur`, `code_compta`, `code_compta_fournisseur`, `address`, `zip`, `town`, `fk_departement`, `fk_pays`, `phone`, `fax`, `url`, `email`, `skype`, `fk_effectif`, `fk_typent`, `fk_forme_juridique`, `fk_currency`, `siren`, `siret`, `ape`, `idprof4`, `idprof5`, `idprof6`, `tva_intra`, `capital`, `fk_stcomm`, `note_private`, `note_public`, `model_pdf`, `prefix_comm`, `client`, `fournisseur`, `supplier_account`, `fk_prospectlevel`, `fk_incoterms`, `location_incoterms`, `customer_bad`, `customer_rate`, `supplier_rate`, `fk_user_creat`, `fk_user_modif`, `remise_client`, `mode_reglement`, `cond_reglement`, `mode_reglement_supplier`, `cond_reglement_supplier`, `tva_assuj`, `localtax1_assuj`, `localtax1_value`, `localtax2_assuj`, `localtax2_value`, `barcode`, `fk_barcode_type`, `price_level`, `outstanding_limit`, `default_lang`, `logo`, `canvas`, `import_key`, `webservices_url`, `webservices_key`) VALUES (7,'Cong','Cong',1,NULL,NULL,0,NULL,'2017-02-16 14:44:16','2017-02-16 15:44:16',1,'CU1702-0001',NULL,NULL,NULL,'TU/e campus','5641 AW','Eindhoven',853,17,'0687975923','0687975923','www.cong.com','Cong@tue.nl','skype',0,0,0,NULL,NULL,NULL,NULL,NULL,NULL,NULL,NULL,NULL,0,NULL,NULL,NULL,NULL,1,0,NULL,NULL,NULL,NULL,0,0,0,NULL,NULL,0,NULL,NULL,NULL,NULL,1,0,NULL,0,NULL,NULL,0,NULL,NULL,NULL,NULL,NULL,NULL,NULL,NULL);
INSERT INTO `llx_societe` (`rowid`, `nom`, `name_alias`, `entity`, `ref_ext`, `ref_int`, `statut`, `parent`, `tms`, `datec`, `status`, `code_client`, `code_fournisseur`, `code_compta`, `code_compta_fournisseur`, `address`, `zip`, `town`, `fk_departement`, `fk_pays`, `phone`, `fax`, `url`, `email`, `skype`, `fk_effectif`, `fk_typent`, `fk_forme_juridique`, `fk_currency`, `siren`, `siret`, `ape`, `idprof4`, `idprof5`, `idprof6`, `tva_intra`, `capital`, `fk_stcomm`, `note_private`, `note_public`, `model_pdf`, `prefix_comm`, `client`, `fournisseur`, `supplier_account`, `fk_prospectlevel`, `fk_incoterms`, `location_incoterms`, `customer_bad`, `customer_rate`, `supplier_rate`, `fk_user_creat`, `fk_user_modif`, `remise_client`, `mode_reglement`, `cond_reglement`, `mode_reglement_supplier`, `cond_reglement_supplier`, `tva_assuj`, `localtax1_assuj`, `localtax1_value`, `localtax2_assuj`, `localtax2_value`, `barcode`, `fk_barcode_type`, `price_level`, `outstanding_limit`, `default_lang`, `logo`, `canvas`, `import_key`, `webservices_url`, `webservices_key`) VALUES (8,'Dennis','Dennis',1,NULL,NULL,0,NULL,'2017-02-16 14:47:00','2017-02-16 15:47:00',1,'CU1702-0002',NULL,NULL,NULL,'','5641 AW','Eindhoven',853,17,'0687975929','0687975929','www.dennis.com','dennis@tue.nl','skype0687975929',0,0,0,NULL,NULL,NULL,NULL,NULL,NULL,NULL,NULL,NULL,0,NULL,NULL,NULL,NULL,1,0,NULL,NULL,NULL,NULL,0,0,0,NULL,NULL,0,NULL,NULL,NULL,NULL,1,0,NULL,0,NULL,NULL,0,NULL,NULL,NULL,NULL,NULL,NULL,NULL,NULL);
INSERT INTO `llx_societe` (`rowid`, `nom`, `name_alias`, `entity`, `ref_ext`, `ref_int`, `statut`, `parent`, `tms`, `datec`, `status`, `code_client`, `code_fournisseur`, `code_compta`, `code_compta_fournisseur`, `address`, `zip`, `town`, `fk_departement`, `fk_pays`, `phone`, `fax`, `url`, `email`, `skype`, `fk_effectif`, `fk_typent`, `fk_forme_juridique`, `fk_currency`, `siren`, `siret`, `ape`, `idprof4`, `idprof5`, `idprof6`, `tva_intra`, `capital`, `fk_stcomm`, `note_private`, `note_public`, `model_pdf`, `prefix_comm`, `client`, `fournisseur`, `supplier_account`, `fk_prospectlevel`, `fk_incoterms`, `location_incoterms`, `customer_bad`, `customer_rate`, `supplier_rate`, `fk_user_creat`, `fk_user_modif`, `remise_client`, `mode_reglement`, `cond_reglement`, `mode_reglement_supplier`, `cond_reglement_supplier`, `tva_assuj`, `localtax1_assuj`, `localtax1_value`, `localtax2_assuj`, `localtax2_value`, `barcode`, `fk_barcode_type`, `price_level`, `outstanding_limit`, `default_lang`, `logo`, `canvas`, `import_key`, `webservices_url`, `webservices_key`) VALUES (9,'Elham','Elham',1,NULL,NULL,0,NULL,'2017-02-16 14:48:14','2017-02-16 15:48:14',1,'CU1702-0003',NULL,NULL,NULL,'','5687 BN','Eindhoven',853,17,'0687975920','0687975920','www.elham.com','elham@tue.nl','skype',0,0,0,NULL,NULL,NULL,NULL,NULL,NULL,NULL,NULL,NULL,0,NULL,NULL,NULL,NULL,1,0,NULL,NULL,NULL,NULL,0,0,0,NULL,NULL,0,NULL,NULL,NULL,NULL,1,0,NULL,0,NULL,NULL,0,NULL,NULL,NULL,NULL,NULL,NULL,NULL,NULL);
INSERT INTO `llx_societe` (`rowid`, `nom`, `name_alias`, `entity`, `ref_ext`, `ref_int`, `statut`, `parent`, `tms`, `datec`, `status`, `code_client`, `code_fournisseur`, `code_compta`, `code_compta_fournisseur`, `address`, `zip`, `town`, `fk_departement`, `fk_pays`, `phone`, `fax`, `url`, `email`, `skype`, `fk_effectif`, `fk_typent`, `fk_forme_juridique`, `fk_currency`, `siren`, `siret`, `ape`, `idprof4`, `idprof5`, `idprof6`, `tva_intra`, `capital`, `fk_stcomm`, `note_private`, `note_public`, `model_pdf`, `prefix_comm`, `client`, `fournisseur`, `supplier_account`, `fk_prospectlevel`, `fk_incoterms`, `location_incoterms`, `customer_bad`, `customer_rate`, `supplier_rate`, `fk_user_creat`, `fk_user_modif`, `remise_client`, `mode_reglement`, `cond_reglement`, `mode_reglement_supplier`, `cond_reglement_supplier`, `tva_assuj`, `localtax1_assuj`, `localtax1_value`, `localtax2_assuj`, `localtax2_value`, `barcode`, `fk_barcode_type`, `price_level`, `outstanding_limit`, `default_lang`, `logo`, `canvas`, `import_key`, `webservices_url`, `webservices_key`) VALUES (10,'Felix','Felix',1,NULL,NULL,0,NULL,'2017-02-16 14:50:39','2017-02-16 15:50:39',1,'CU1702-0004',NULL,NULL,NULL,'Train station','2366 MM','Amsterdam',850,17,'0687975921','0687975921','www.felix.com','felix@tue.nl','skype0687975921',0,0,0,NULL,NULL,NULL,NULL,NULL,NULL,NULL,NULL,NULL,0,NULL,NULL,NULL,NULL,1,0,NULL,NULL,NULL,NULL,0,0,0,NULL,NULL,0,NULL,NULL,NULL,NULL,1,0,NULL,0,NULL,NULL,0,NULL,NULL,NULL,NULL,NULL,NULL,NULL,NULL);
INSERT INTO `llx_societe` (`rowid`, `nom`, `name_alias`, `entity`, `ref_ext`, `ref_int`, `statut`, `parent`, `tms`, `datec`, `status`, `code_client`, `code_fournisseur`, `code_compta`, `code_compta_fournisseur`, `address`, `zip`, `town`, `fk_departement`, `fk_pays`, `phone`, `fax`, `url`, `email`, `skype`, `fk_effectif`, `fk_typent`, `fk_forme_juridique`, `fk_currency`, `siren`, `siret`, `ape`, `idprof4`, `idprof5`, `idprof6`, `tva_intra`, `capital`, `fk_stcomm`, `note_private`, `note_public`, `model_pdf`, `prefix_comm`, `client`, `fournisseur`, `supplier_account`, `fk_prospectlevel`, `fk_incoterms`, `location_incoterms`, `customer_bad`, `customer_rate`, `supplier_rate`, `fk_user_creat`, `fk_user_modif`, `remise_client`, `mode_reglement`, `cond_reglement`, `mode_reglement_supplier`, `cond_reglement_supplier`, `tva_assuj`, `localtax1_assuj`, `localtax1_value`, `localtax2_assuj`, `localtax2_value`, `barcode`, `fk_barcode_type`, `price_level`, `outstanding_limit`, `default_lang`, `logo`, `canvas`, `import_key`, `webservices_url`, `webservices_key`) VALUES (11,'Maikle','Maikle',1,NULL,NULL,0,NULL,'2017-02-16 14:52:28','2017-02-16 15:52:28',1,'CU1702-0005',NULL,NULL,NULL,'Tilburg University','6354 NB','Tilburg',851,17,'0687979902','0687979902','www.maikle.com','maikle@tue.n','skype',0,0,0,NULL,NULL,NULL,NULL,NULL,NULL,NULL,NULL,NULL,0,NULL,NULL,NULL,NULL,1,0,NULL,NULL,NULL,NULL,0,0,0,NULL,NULL,0,NULL,NULL,NULL,NULL,1,0,NULL,0,NULL,NULL,0,NULL,NULL,NULL,NULL,NULL,NULL,NULL,NULL);
INSERT INTO `llx_societe` (`rowid`, `nom`, `name_alias`, `entity`, `ref_ext`, `ref_int`, `statut`, `parent`, `tms`, `datec`, `status`, `code_client`, `code_fournisseur`, `code_compta`, `code_compta_fournisseur`, `address`, `zip`, `town`, `fk_departement`, `fk_pays`, `phone`, `fax`, `url`, `email`, `skype`, `fk_effectif`, `fk_typent`, `fk_forme_juridique`, `fk_currency`, `siren`, `siret`, `ape`, `idprof4`, `idprof5`, `idprof6`, `tva_intra`, `capital`, `fk_stcomm`, `note_private`, `note_public`, `model_pdf`, `prefix_comm`, `client`, `fournisseur`, `supplier_account`, `fk_prospectlevel`, `fk_incoterms`, `location_incoterms`, `customer_bad`, `customer_rate`, `supplier_rate`, `fk_user_creat`, `fk_user_modif`, `remise_client`, `mode_reglement`, `cond_reglement`, `mode_reglement_supplier`, `cond_reglement_supplier`, `tva_assuj`, `localtax1_assuj`, `localtax1_value`, `localtax2_assuj`, `localtax2_value`, `barcode`, `fk_barcode_type`, `price_level`, `outstanding_limit`, `default_lang`, `logo`, `canvas`, `import_key`, `webservices_url`, `webservices_key`) VALUES (12,'Sander','',1,NULL,NULL,0,NULL,'2017-02-16 14:53:32','2017-02-16 15:53:32',1,'CU1702-0006',NULL,NULL,NULL,'','5689 KK','Sydney',503,28,'0687975926','0687975926','www.sander.com','sander@tue.nl','skype0687975926',0,0,0,NULL,NULL,NULL,NULL,NULL,NULL,NULL,NULL,NULL,0,NULL,NULL,NULL,NULL,1,0,NULL,NULL,NULL,NULL,0,0,0,NULL,NULL,0,NULL,NULL,NULL,NULL,1,0,NULL,0,NULL,NULL,0,NULL,NULL,NULL,NULL,NULL,NULL,NULL,NULL);
/*!40000 ALTER TABLE `llx_societe` ENABLE KEYS */;
UNLOCK TABLES;
    